claim_id,initial_claim,verdict,evidence,required_rewrite_or_test
C1,"Existing energy-aware serving work tunes one knob and none co-controls",contradicted,"Camel controls GPU frequency plus concurrency/batch; KAIROS controls frequency concurrency and placement; Festina controls placement SM partition operating point and phase-aware batching","Replace with a precise statement about thermal-risk-aware KV decisions on unified-memory edge devices"
C2,"Every prior system holds two of JouleServe's three knobs fixed",contradicted,"KAIROS and Festina cover multiple scheduling/power dimensions; Continuum covers KV tiers; Camel covers two proposed actions","Delete the sentence and delta-table caption"
C3,"KAIROS is reactive and therefore forward prediction is JouleServe's clean delta",unsupported,"The audit confirms context/memory-aware reactive control but has not established that prediction alone is a system-level novelty; EnerInfer already predicts temperature","Frame KAIROS as the matched agentic power/admission baseline and validate a combined thermal-memory mechanism"
C4,"Anticipatory thermal control is novel",contradicted_in_isolation,"EnerInfer predicts future temperature and uses event-triggered predictive control; TAWS is thermal-aware","Novelty can only be in how predicted thermal risk changes agent KV retention/admission on unified memory"
C5,"KV residency is engine-internal and not coupled to scheduling",partly_contradicted,"Continuum makes GPU/CPU/SSD KV retention a scheduler decision using queue delay; LMCache exposes a control API","State that existing KV policies do not optimize measured edge energy/thermal risk in the audited set"
C6,"The memory cliff is unmodelled and observed by our work",unsupported_as_research_claim,"The passing M0 shows a KV-allocation and large-free-block pressure gradient but no swap OOM or compaction event; an earlier superseded attempt showed stronger state-sensitive pressure; the 70B/WasmEdge assertion has no evidence bundle here","Treat as a hypothesis and define a reproducible fragmentation/pressure experiment"
C7,"A sidecar can control SGLang admission power and KV residency without engine patches",unverified,"SGLang service works; LMCache is not installed/validated; KV eviction/pinning and scheduler hooks have not been demonstrated","Make API and actuation feasibility an explicit M1 gate; permit a minimal connector if unavoidable"
C8,"Power mode and DVFS form one online action",technically_underspecified,"Jetson nvpmodel changes are slow/privileged and current machine is fixed MAXN; per-frequency control has not been validated under the experimental protocol","Separate slow power-envelope selection from fast admission/KV actions; measure transition latency and safety"
C9,"P1 is a hard dependency for forward models",high_project_risk,"No integrated P1 API or model artifact exists in the current repository","Use local interpretable predictors as the minimum viable path and add P1 as an adapter/comparison"
C10,"Tokens per joule is the primary outcome for agentic loops",incomplete,"Agent workloads include tool waits suspended state and task completion; token efficiency can reward useless generation","Make completed agent tasks per joule or energy per successful task primary; retain tokens/J as a serving diagnostic"
C11,"SLO attainment frontier is preferable to a single point",supported_but_not_novel,"It is sound evaluation practice and consistent with constrained-serving literature","Keep as methodology; do not list as novelty"
C12,"Cross-family evaluation is novelty",not_novel,"Evaluation breadth supports external validity but is not a systems contribution","Move from novelty to validation plan; first lock reproducible Orin/Thor semantics"
C13,"The project should target a hard-coded venue deadline",rejected,"Venue schedules and policies are mutable, while the research evidence gates are not yet satisfied","Verify the official CFP only when selecting a venue; keep the research schedule gate-driven"
C14,"ICDCS is a fallback",unverified,"No specific official deadline or fit was audited in this review","Remove deadline claim until a specific ICDCS edition CFP is verified"
C15,"Current Orin measurements are a baseline",false,"Environment decision and matrix label them functional diagnostic only; community SGLang 0.5.7 differs from assumed Thor 0.5.16","Report only functionality and gaps; collect baselines after environment/power/workload lock"
C16,"LMCache gives CPU and disk offload tiers on the target",unverified_on_jetson,"LMCache paper supports the general API but local software lock has lmcache null","Gate the KV-tier design on an Orin/Thor compatibility probe"
C17,"Co-control necessarily dominates independent tuning",unsupported,"It is an empirical hypothesis; added control dimensions can increase overhead and model error","State H1: co-control improves the frontier under coupled pressure; include negative-result criteria"
C18,"70B 4-bit on Orin fragments badly under WasmEdge",unsubstantiated_in_workspace,"No cited local artifact in the reviewed repository demonstrates this experiment","Remove from presentation or attach the actual measurement protocol and evidence"
C19,"Per-session retained-state opportunity cost is a clean novelty claim",contradicted_in_isolation,"Adaptive KV Retention explicitly formulates GPU opportunity cost for uncertain suspended agent state; Continuum and TokenCake also price or predict reuse","Move the candidate delta to action-conditioned local-tool resource demand plus physical shared-memory/thermal risk and test against an opportunity-cost baseline"
C20,"Learning workflow or agent-transition semantics for KV eviction/prefetch is novel",contradicted_in_isolation,"CacheScout learns agent execution transitions online for cache eviction and proactive prefetch","Treat transition prediction as a baseline/input; require held-out incremental value from tool-resource and edge-state factors"
C21,"The four P1 workflows either hardcode P5 or are unnecessary",false_dichotomy,"Fixed application-domain workflows define the shared benchmark distribution; a policy can still act only on online state and action consequences","Reuse fixed workflow semantics for traces/evaluation; forbid categorical workflow shortcuts; retain local runner so P1 artifact delivery is soft"
C22,"All tool calls can be represented only by pause duration",unsupported,"Remote APIs local code sandboxes vision/DLA tools storage and actuation can have different local resource footprints and result sizes","Record tool placement duration input/output and synchronized resource envelope; run matched tool-resource interventions before retaining the N1 term"
